forum_url,subject_url,subject_title,post_text_answer,user_question_surname,subject_user,user_question_sex,user_answer_location,subject_num_answer,post_title,user_question_name,user_question_age,post_user_question,post_text_question,user_answer_name,post_date_question,forum_title,user_answer_sex,user_answer_surname,user_answer_age,user_question_location,post_user_answer,post_date_answer,subject_date_last_post
http://salud.enfemenino.com/foro/all,http://salud.enfemenino.com/foro/nuevas-fotos-aumento-a-los-7-dias-submuscular-390cc-fd984676,"nuevas fotos, aumento a los 7 dias submuscular 390cc",,,karagr,Mujer,,88,"nuevas fotos, aumento a los 7 dias submuscular 390cc",,33,karagr,"Hola chicas, he colgado fotos a los 7 dias de mi aumento
Recuerdo: Submuscular, por el surco mamario, protesis MENTOR de perfil alto, 390 cc
Album: Mis tetillas nuevas
Contra: miss390cc
Creeis que se me van a juntar o quedar mas vacias o redondas??
Gracias por opinar!!
Besillos",,28 de febrero de 2008 a las 22:06,Salud,,,,"Granada,España",,,11 de mayo a las 11:24
http://salud.enfemenino.com/foro/all,http://salud.enfemenino.com/foro/nuevas-fotos-aumento-a-los-7-dias-submuscular-390cc-fd984676,"nuevas fotos, aumento a los 7 dias submuscular 390cc","A mi me encantan!!!
te han kedado preciosas!!!k envidia...pero de la wena ehhh!!!
cada vez k veo algun albm me animo muxo mas,ojala me keden igual,o por lo menos algo parecido,aunk yo pienso ponerme 350...
no parece k te las hayas operado xika!!asik esperate k yeves mas tiempo con ellas,enhorabuernaa!!!
besooooss",,karagr,Mujer,,88,"nuevas fotos, aumento a los 7 dias submuscular 390cc",,33,karagr,"Hola chicas, he colgado fotos a los 7 dias de mi aumento
Recuerdo: Submuscular, por el surco mamario, protesis MENTOR de perfil alto, 390 cc
Album: Mis tetillas nuevas
Contra: miss390cc
Creeis que se me van a juntar o quedar mas vacias o redondas??
Gracias por opinar!!
Besillos",,28 de febrero de 2008 a las 22:06,Salud,,,,"Granada,España",mrc221,1 de marzo de 2008 a las 12:11,11 de mayo a las 11:24
http://salud.enfemenino.com/foro/all,http://salud.enfemenino.com/foro/nuevas-fotos-aumento-a-los-7-dias-submuscular-390cc-fd984676,"nuevas fotos, aumento a los 7 dias submuscular 390cc","Nena!!!!
Te han quedado preciosas madre mia!! ya veras q a medida q pasa el tiempo te iran gustando mas y mas, aun las tienes un poco altas y te tienen q bajar y coger forma, ahora a disfrutarlas guapa muy bien el tamaño perfecto.",,karagr,Mujer,"Valencia,España",88,"nuevas fotos, aumento a los 7 dias submuscular 390cc",,33,karagr,"Hola chicas, he colgado fotos a los 7 dias de mi aumento
Recuerdo: Submuscular, por el surco mamario, protesis MENTOR de perfil alto, 390 cc
Album: Mis tetillas nuevas
Contra: miss390cc
Creeis que se me van a juntar o quedar mas vacias o redondas??
Gracias por opinar!!
Besillos",,28 de febrero de 2008 a las 22:06,Salud,Mujer,,41,"Granada,España",furby63,29 de febrero de 2008 a las 8:51,11 de mayo a las 11:24
http://salud.enfemenino.com/foro/all,http://salud.enfemenino.com/foro/nuevas-fotos-aumento-a-los-7-dias-submuscular-390cc-fd984676,"nuevas fotos, aumento a los 7 dias submuscular 390cc","Divinas!!!!
chica las tienes super bonitas para el poco tiempo que tienes!!! ojala yo me las viera asi de wapas. yo me opere hace poco mas de 1 mes, submuscular tambien, pero por la areola perfil moderado y 470cc y ni siquiera me las veo grandes yo creo que las protesis las tengo escondidas muy adentro,jejeje.
pero bueno esperare a que pase mas tiempo que aun quedara mucho por cambiar.
un besazo wapa!!!",,karagr,Mujer,"Málaga,España",88,"nuevas fotos, aumento a los 7 dias submuscular 390cc",,33,karagr,"Hola chicas, he colgado fotos a los 7 dias de mi aumento
Recuerdo: Submuscular, por el surco mamario, protesis MENTOR de perfil alto, 390 cc
Album: Mis tetillas nuevas
Contra: miss390cc
Creeis que se me van a juntar o quedar mas vacias o redondas??
Gracias por opinar!!
Besillos",,28 de febrero de 2008 a las 22:06,Salud,Mujer,,35,"Granada,España",macurubia,29 de febrero de 2008 a las 23:28,11 de mayo a las 11:24
http://salud.enfemenino.com/foro/all,http://salud.enfemenino.com/foro/nuevas-fotos-aumento-a-los-7-dias-submuscular-390cc-fd984676,"nuevas fotos, aumento a los 7 dias submuscular 390cc","Hola
estan super chulas,te van a quedar super bien,felicidades...",,karagr,Mujer,"Madrid,España",88,"nuevas fotos, aumento a los 7 dias submuscular 390cc",,33,karagr,"Hola chicas, he colgado fotos a los 7 dias de mi aumento
Recuerdo: Submuscular, por el surco mamario, protesis MENTOR de perfil alto, 390 cc
Album: Mis tetillas nuevas
Contra: miss390cc
Creeis que se me van a juntar o quedar mas vacias o redondas??
Gracias por opinar!!
Besillos",,28 de febrero de 2008 a las 22:06,Salud,Mujer,,43,"Granada,España",maryna1973,29 de febrero de 2008 a las 8:43,11 de mayo a las 11:24
http://salud.enfemenino.com/foro/all,http://salud.enfemenino.com/foro/nuevas-fotos-aumento-a-los-7-dias-submuscular-390cc-fd984676,"nuevas fotos, aumento a los 7 dias submuscular 390cc","Hola
la verdad ke te kedaron el tamaño ke ami me gusta ni mas ni menos ...mas es bulgar y menos no me mojo jeje ....ke tienes  ahora una 95c? ami es lo ke me kedo y viendolas en las fotos son mas o menos del tamaño ke yo las tengo.ami me pusieron 350 y partia de una 85,estoy encantada con el resultado muy contenta y ya estoy operada hace 3 años..suerte ...y enora buena",,karagr,Mujer,,88,"nuevas fotos, aumento a los 7 dias submuscular 390cc",,33,karagr,"Hola chicas, he colgado fotos a los 7 dias de mi aumento
Recuerdo: Submuscular, por el surco mamario, protesis MENTOR de perfil alto, 390 cc
Album: Mis tetillas nuevas
Contra: miss390cc
Creeis que se me van a juntar o quedar mas vacias o redondas??
Gracias por opinar!!
Besillos",,28 de febrero de 2008 a las 22:06,Salud,,,,"Granada,España",inquieta24,16 de septiembre de 2009 a las 20:33,11 de mayo a las 11:24
http://salud.enfemenino.com/foro/all,http://salud.enfemenino.com/foro/nuevas-fotos-aumento-a-los-7-dias-submuscular-390cc-fd984676,"nuevas fotos, aumento a los 7 dias submuscular 390cc","Estas preciosa!!
Enhorabuena! Estas muy muy guapa. Y la verdad es que animas mucho con tus fotos porque parece que estas teniendo un post que ya quisieramos todas. Felicidades otra vez guapa!
Un besin.",,karagr,Mujer,,88,"nuevas fotos, aumento a los 7 dias submuscular 390cc",,33,karagr,"Hola chicas, he colgado fotos a los 7 dias de mi aumento
Recuerdo: Submuscular, por el surco mamario, protesis MENTOR de perfil alto, 390 cc
Album: Mis tetillas nuevas
Contra: miss390cc
Creeis que se me van a juntar o quedar mas vacias o redondas??
Gracias por opinar!!
Besillos",,28 de febrero de 2008 a las 22:06,Salud,,,,"Granada,España",blondy1980,1 de marzo de 2008 a las 12:17,11 de mayo a las 11:24
http://salud.enfemenino.com/foro/all,http://salud.enfemenino.com/foro/nuevas-fotos-aumento-a-los-7-dias-submuscular-390cc-fd984676,"nuevas fotos, aumento a los 7 dias submuscular 390cc","Necesito ver fotos
hola, me podrias decir como veo tus foticos, es que me pienso operar y ese es el tamaño que quiero colocarme",,karagr,Mujer,,88,"nuevas fotos, aumento a los 7 dias submuscular 390cc",,33,karagr,"Hola chicas, he colgado fotos a los 7 dias de mi aumento
Recuerdo: Submuscular, por el surco mamario, protesis MENTOR de perfil alto, 390 cc
Album: Mis tetillas nuevas
Contra: miss390cc
Creeis que se me van a juntar o quedar mas vacias o redondas??
Gracias por opinar!!
Besillos",,28 de febrero de 2008 a las 22:06,Salud,,,,"Granada,España",linda00072,30 de septiembre de 2011 a las :48,11 de mayo a las 11:24
http://salud.enfemenino.com/foro/all,http://salud.enfemenino.com/foro/nuevas-fotos-aumento-a-los-7-dias-submuscular-390cc-fd984676,"nuevas fotos, aumento a los 7 dias submuscular 390cc","Hola guapa
Tengo que reconocer que están geniales, yo tan solo llevo 4 días y no me las veo tan bien... pero es que tanto en la forma como en el tamaño te han quedado preciosas.
Disfrutalas.
Besos.",,karagr,Mujer,,88,"nuevas fotos, aumento a los 7 dias submuscular 390cc",,33,karagr,"Hola chicas, he colgado fotos a los 7 dias de mi aumento
Recuerdo: Submuscular, por el surco mamario, protesis MENTOR de perfil alto, 390 cc
Album: Mis tetillas nuevas
Contra: miss390cc
Creeis que se me van a juntar o quedar mas vacias o redondas??
Gracias por opinar!!
Besillos",,28 de febrero de 2008 a las 22:06,Salud,,,,"Granada,España",noemita29,29 de febrero de 2008 a las 23:12,11 de mayo a las 11:24
http://salud.enfemenino.com/foro/all,http://salud.enfemenino.com/foro/nuevas-fotos-aumento-a-los-7-dias-submuscular-390cc-fd984676,"nuevas fotos, aumento a los 7 dias submuscular 390cc","Estas genial
que talla de sujetador te  ha quedado'? no creo que queden vacías al ser de perfil alto..
te has recuperado rápido parece..ya el primer día haciendo fotos,que guay¡¡",,karagr,Mujer,"Barcelona,España",88,"nuevas fotos, aumento a los 7 dias submuscular 390cc",,33,karagr,"Hola chicas, he colgado fotos a los 7 dias de mi aumento
Recuerdo: Submuscular, por el surco mamario, protesis MENTOR de perfil alto, 390 cc
Album: Mis tetillas nuevas
Contra: miss390cc
Creeis que se me van a juntar o quedar mas vacias o redondas??
Gracias por opinar!!
Besillos",,28 de febrero de 2008 a las 22:06,Salud,Mujer,,37,"Granada,España",gnna,16 de septiembre de 2009 a las 21:07,11 de mayo a las 11:24
http://salud.enfemenino.com/foro/all,http://salud.enfemenino.com/foro/nuevas-fotos-aumento-a-los-7-dias-submuscular-390cc-fd984676,"nuevas fotos, aumento a los 7 dias submuscular 390cc","Hola!!!!!!!
me podrias paasar la contra?me gustaria ver que tal quedan los 390, xq yo estoy entre 350 y 375 y no se por cual decidirme....un beso wapa y grecias",,karagr,Mujer,"Córdoba,España",88,"nuevas fotos, aumento a los 7 dias submuscular 390cc",,33,karagr,"Hola chicas, he colgado fotos a los 7 dias de mi aumento
Recuerdo: Submuscular, por el surco mamario, protesis MENTOR de perfil alto, 390 cc
Album: Mis tetillas nuevas
Contra: miss390cc
Creeis que se me van a juntar o quedar mas vacias o redondas??
Gracias por opinar!!
Besillos",,28 de febrero de 2008 a las 22:06,Salud,Mujer,,34,"Granada,España",eva8229,1 de octubre de 2011 a las 18:37,11 de mayo a las 11:24
http://salud.enfemenino.com/foro/all,http://salud.enfemenino.com/foro/nuevas-fotos-aumento-a-los-7-dias-submuscular-390cc-fd984676,"nuevas fotos, aumento a los 7 dias submuscular 390cc","Es justo lo que yo quiero
Son preciosas,yo tambien parto de una 85 y quiero unas tetis como las tuyas,dudaba entre 350-400, ya sè que màs bien sobre 400.Enhorabuena. ¿Que talla tienes ahora?",,karagr,Mujer,"Cádiz,España",88,"nuevas fotos, aumento a los 7 dias submuscular 390cc",,33,karagr,"Hola chicas, he colgado fotos a los 7 dias de mi aumento
Recuerdo: Submuscular, por el surco mamario, protesis MENTOR de perfil alto, 390 cc
Album: Mis tetillas nuevas
Contra: miss390cc
Creeis que se me van a juntar o quedar mas vacias o redondas??
Gracias por opinar!!
Besillos",,28 de febrero de 2008 a las 22:06,Salud,Mujer,,44,"Granada,España",mjmm1972,1 de marzo de 2008 a las 23:21,11 de mayo a las 11:24
http://salud.enfemenino.com/foro/all,http://salud.enfemenino.com/foro/nuevas-fotos-aumento-a-los-7-dias-submuscular-390cc-fd984676,"nuevas fotos, aumento a los 7 dias submuscular 390cc","Hola kara
muy chula tus tetis nuevas..Me encantan, tanto de tamaño como de formas.Estan preciosas y bien grandecitas
Solo llevas 1 semana y te cambiaran bastante pero siempre pra mejorar.En las intervenciones submusculares al pricipio de bajar la inflamacion pierden mucho volumen pero despuees con los meses y al ceder el musculo se veran mas grandecitas
Pero en general ESTAN MUY BONITA Y NATURALES
a lucirlas
un besooooooooooo",,karagr,Mujer,,88,"nuevas fotos, aumento a los 7 dias submuscular 390cc",,33,karagr,"Hola chicas, he colgado fotos a los 7 dias de mi aumento
Recuerdo: Submuscular, por el surco mamario, protesis MENTOR de perfil alto, 390 cc
Album: Mis tetillas nuevas
Contra: miss390cc
Creeis que se me van a juntar o quedar mas vacias o redondas??
Gracias por opinar!!
Besillos",,28 de febrero de 2008 a las 22:06,Salud,,,,"Granada,España",isabela169,28 de febrero de 2008 a las 22:54,11 de mayo a las 11:24
http://salud.enfemenino.com/foro/all,http://salud.enfemenino.com/foro/nuevas-fotos-aumento-a-los-7-dias-submuscular-390cc-fd984676,"nuevas fotos, aumento a los 7 dias submuscular 390cc","Saludos
QUE PENA MI CORREO ES szambran@ejercito.mil.co
sandra",,karagr,Mujer,,88,"nuevas fotos, aumento a los 7 dias submuscular 390cc",,33,karagr,"Hola chicas, he colgado fotos a los 7 dias de mi aumento
Recuerdo: Submuscular, por el surco mamario, protesis MENTOR de perfil alto, 390 cc
Album: Mis tetillas nuevas
Contra: miss390cc
Creeis que se me van a juntar o quedar mas vacias o redondas??
Gracias por opinar!!
Besillos",,28 de febrero de 2008 a las 22:06,Salud,,,,"Granada,España",suerte1231,16 de septiembre de 2009 a las 20:14,11 de mayo a las 11:24
http://salud.enfemenino.com/foro/all,http://salud.enfemenino.com/foro/nuevas-fotos-aumento-a-los-7-dias-submuscular-390cc-fd984676,"nuevas fotos, aumento a los 7 dias submuscular 390cc","Espectaculares!
Te han dejado fantástica, no puedes pedir mas. Mas natural imposible, preciosas.
El médico me dio ayer como opción ponerme la misma prótesis que tu, bien con perfil medio o con perfil alto. Después de ver el efecto, voy a pedir el perfil alto porque no queda nada exagerado y el volumen es perfecto. Además, con el perfil medio me tendría que quedar en 330 cc...
Cuantas mas fotos veo mas claro tengo que como las anatómicas no hay nada, el resultado me gusta mucho mas, aunque hay algunas niñas a las que también las redondas les han quedado bien.",,karagr,Mujer,"Madrid,España",88,"nuevas fotos, aumento a los 7 dias submuscular 390cc",,33,karagr,"Hola chicas, he colgado fotos a los 7 dias de mi aumento
Recuerdo: Submuscular, por el surco mamario, protesis MENTOR de perfil alto, 390 cc
Album: Mis tetillas nuevas
Contra: miss390cc
Creeis que se me van a juntar o quedar mas vacias o redondas??
Gracias por opinar!!
Besillos",,28 de febrero de 2008 a las 22:06,Salud,Mujer,,,"Granada,España",caoba09,16 de septiembre de 2009 a las 20:55,11 de mayo a las 11:24
http://salud.enfemenino.com/foro/all,http://salud.enfemenino.com/foro/nuevas-fotos-aumento-a-los-7-dias-submuscular-390cc-fd984676,"nuevas fotos, aumento a los 7 dias submuscular 390cc","Saludos
POR FAVOR ME ENVIAS LAS FOTOS ESTOY A PUNTO DE OPERARAME Y QUIERO TENER IDEA EN QUE PERFIL ME LAS HAGO Y EL TAMAÑO MIDO 1.69 TENGO TORAX ANCHO Y 104 DE CADERAS Y NO SE QUE ME RECOMIENDAS
SANDRA",,karagr,Mujer,,88,"nuevas fotos, aumento a los 7 dias submuscular 390cc",,33,karagr,"Hola chicas, he colgado fotos a los 7 dias de mi aumento
Recuerdo: Submuscular, por el surco mamario, protesis MENTOR de perfil alto, 390 cc
Album: Mis tetillas nuevas
Contra: miss390cc
Creeis que se me van a juntar o quedar mas vacias o redondas??
Gracias por opinar!!
Besillos",,28 de febrero de 2008 a las 22:06,Salud,,,,"Granada,España",suerte1231,16 de septiembre de 2009 a las 20:11,11 de mayo a las 11:24
http://salud.enfemenino.com/foro/all,http://salud.enfemenino.com/foro/nuevas-fotos-aumento-a-los-7-dias-submuscular-390cc-fd984676,"nuevas fotos, aumento a los 7 dias submuscular 390cc","Muy buenas
te felicito estan preciosas
tu recuperación, perfecta.
a disfrutarlas y cuidate mucho
besi",,karagr,Mujer,,88,"nuevas fotos, aumento a los 7 dias submuscular 390cc",,33,karagr,"Hola chicas, he colgado fotos a los 7 dias de mi aumento
Recuerdo: Submuscular, por el surco mamario, protesis MENTOR de perfil alto, 390 cc
Album: Mis tetillas nuevas
Contra: miss390cc
Creeis que se me van a juntar o quedar mas vacias o redondas??
Gracias por opinar!!
Besillos",,28 de febrero de 2008 a las 22:06,Salud,,,,"Granada,España",nellylu1,1 de marzo de 2008 a las 21:43,11 de mayo a las 11:24
http://salud.enfemenino.com/foro/all,http://salud.enfemenino.com/foro/nuevas-fotos-aumento-a-los-7-dias-submuscular-390cc-fd984676,"nuevas fotos, aumento a los 7 dias submuscular 390cc","Gracias chicas!
Hola chicas, muchisimas gracias.
Si si, son anatomicas.
Y eso, que lo único es que la cicatriz la tengo un poco hundida, supongo que me bajará cuando me bajen las protesis un poco no? Es que eso de la cicatriz hundida me tiene preocupada...
Gracias de nuevo",,karagr,Mujer,"Granada,España",88,"nuevas fotos, aumento a los 7 dias submuscular 390cc",,33,karagr,"Hola chicas, he colgado fotos a los 7 dias de mi aumento
Recuerdo: Submuscular, por el surco mamario, protesis MENTOR de perfil alto, 390 cc
Album: Mis tetillas nuevas
Contra: miss390cc
Creeis que se me van a juntar o quedar mas vacias o redondas??
Gracias por opinar!!
Besillos",,28 de febrero de 2008 a las 22:06,Salud,Mujer,,33,"Granada,España",karagr,29 de febrero de 2008 a las 11:52,11 de mayo a las 11:24
http://salud.enfemenino.com/foro/all,http://salud.enfemenino.com/foro/nuevas-fotos-aumento-a-los-7-dias-submuscular-390cc-fd984676,"nuevas fotos, aumento a los 7 dias submuscular 390cc","Enhorabuena
perdona , me podrias decir tus medidas, yo me quiero poner 360cc, pero peso 46kg y mido 1.57, aunque quiero que me quede una 95",,karagr,Mujer,"Baleares,España",88,"nuevas fotos, aumento a los 7 dias submuscular 390cc",,33,karagr,"Hola chicas, he colgado fotos a los 7 dias de mi aumento
Recuerdo: Submuscular, por el surco mamario, protesis MENTOR de perfil alto, 390 cc
Album: Mis tetillas nuevas
Contra: miss390cc
Creeis que se me van a juntar o quedar mas vacias o redondas??
Gracias por opinar!!
Besillos",,28 de febrero de 2008 a las 22:06,Salud,Mujer,,34,"Granada,España",silmarc82,1 de octubre de 2011 a las 13:26,11 de mayo a las 11:24
http://salud.enfemenino.com/foro/all,http://salud.enfemenino.com/foro/nuevas-fotos-aumento-a-los-7-dias-submuscular-390cc-fd984676,"nuevas fotos, aumento a los 7 dias submuscular 390cc","Geniales!!!
felicidades, te has quedado muy bien, a disfrutarlas ejej
yo quisiera un pelin mas que tu, pq tengo mas anchuras creo, me podrias decir cuanto mides y pesas para hacerme una idea porfa?'
un bs",,karagr,Mujer,"Málaga,España",88,"nuevas fotos, aumento a los 7 dias submuscular 390cc",,33,karagr,"Hola chicas, he colgado fotos a los 7 dias de mi aumento
Recuerdo: Submuscular, por el surco mamario, protesis MENTOR de perfil alto, 390 cc
Album: Mis tetillas nuevas
Contra: miss390cc
Creeis que se me van a juntar o quedar mas vacias o redondas??
Gracias por opinar!!
Besillos",,28 de febrero de 2008 a las 22:06,Salud,Mujer,,40,"Granada,España",janisjoplin30,16 de septiembre de 2009 a las 20:52,11 de mayo a las 11:24
